{
  "lessons": [
    {
      "title": "Python in Action",
      "task_list": [
        {
          "name": "Intro",
          "task_files": {}
        },
        {
          "name": "Using the Simulator",
          "task_files": {}
        },
        {
          "name": "Turning on motors",
          "task_files": {}
        },
        {
          "name": "Turning on the spot",
          "task_files": {}
        },
        {
          "name": "Seeing things",
          "task_files": {}
        }
      ]
    }
  ],
  "description": "The robot-specific programming section of the 2016 computing and microelectronics course",
  "name": "Smallpeice Computing and Microelectronics 2016 v1.2.4",
  "authors": [],
  "language": "Python"
}