{
  "lessons": [
    {
      "title": "Python in Action",
      "task_list": [
        {
          "name": "Intro",
          "task_files": {}
        },
        {
          "name": "Using the Simulator",
          "task_files": {}
        },
        {
          "name": "Turning on motors",
          "task_files": {}
        },
        {
          "name": "Turning on the spot",
          "task_files": {}
        },
        {
          "name": "Seeing things",
          "task_files": {}
        }
      ]
    },
    {
      "title": "Applying Python to Robots",
      "task_list": [
        {
          "name": "Intro",
          "task_files": {}
        },
        {
          "name": "Using the Simulator",
          "task_files": {}
        },
        {
          "name": "Moving motors",
          "task_files": {}
        },
        {
          "name": "Turning on the spot",
          "task_files": {}
        },
        {
          "name": "Seeing things",
          "task_files": {}
        },
        {
          "name": "Getting the location of things",
          "task_files": {
            "task.py": {
              "placeholders": [],
              "name": "task.py"
            }
          }
        }
      ]
    },
    {
      "title": "Python in Robot",
      "task_list": [
        {
          "name": "Intro",
          "task_files": {
            "task.py": {
              "placeholders": [],
              "name": "task.py"
            }
          }
        },
        {
          "name": "Using the simulator",
          "task_files": {
            "task.py": {
              "placeholders": [],
              "name": "task.py"
            }
          }
        },
        {
          "name": "Turning on motors",
          "task_files": {
            "task.py": {
              "placeholders": [],
              "name": "task.py"
            }
          }
        },
        {
          "name": "Turning on the spot",
          "task_files": {
            "task.py": {
              "placeholders": [],
              "name": "task.py"
            }
          }
        },
        {
          "name": "Seeing things",
          "task_files": {
            "task.py": {
              "placeholders": [],
              "name": "task.py"
            }
          }
        },
        {
          "name": "Getting the location of things",
          "task_files": {
            "task.py": {
              "placeholders": [],
              "name": "task.py"
            }
          }
        }
      ]
    }
  ],
  "description": "The robot-specific programming section of the 2016 computing and microelectronics course",
  "name": "Smallpeice Computing and Microelectronics 2016 v1.2.6",
  "authors": [],
  "language": "Python"
}